{
  "timestamp": "2026-05-29T17:58:34.427330",
  "state": "PAYMENT_SELECT",
  "marker_id": 568,
  "rvec": [
    2.4836911979602125,
    -0.2806498643950987,
    0.3241856575990101
  ],
  "tvec": [
    -0.11457068235402545,
    -0.022772927497558406,
    1.9304414648745376
  ],
  "payload": {
    "screen": "unknown",
    "target_button": null,
    "local_position": {
      "x": 0.0,
      "y": 0.0,
      "z": 0.0
    },
    "message": "Unknown state",
    "kiosk_phase": "Phase_10",
    "kiosk_details": {
      "common_reference_id": 14
    },
    "world_position": {
      "x": -0.08943703537105707,
      "y": -0.022126171826155092,
      "z": 1.964144428872364
    }
  }
}