{
  "timestamp": "2026-04-26T23:03:26.575319",
  "state": "PAYMENT_GUIDE",
  "marker_id": 30,
  "rvec": [
    -3.159462572796279,
    0.05609453805093747,
    -0.24732024645375728
  ],
  "tvec": [
    -0.14256564713261186,
    -0.1369998980952782,
    0.6092382268971874
  ],
  "payload": {
    "screen": "checkout",
    "target_button": "payment",
    "position": {
      "x": 1820,
      "y": 980
    },
    "local_position": {
      "x": 0.12,
      "y": -0.06,
      "z": 0.0
    },
    "message": "Guide user to payment button",
    "world_position": {
      "x": -0.021854036732553456,
      "y": -0.08103157173621298,
      "z": 0.6264502213930898
    }
  }
}